City_ID,City,Lat,Lng,Max Temp,Humidity,Cloudiness,Wind Speed,Country,Date
0,margaret river,-33.95,115.0667,69.91,50,31,8.12,AU,1714972578
1,albany,42.6001,-73.9662,52.74,82,100,1.01,US,1714972541
2,whitehorse,60.7161,-135.0538,41.77,86,75,17.27,CA,1714972579
3,qaqortoq,60.7167,-46.0333,29.95,64,0,4.94,GL,1714972579
4,ubinskoye,55.3068,79.6802,44.67,41,2,17.6,RU,1714972579
5,bilibino,68.0546,166.4372,32.77,79,12,2.19,RU,1714972579
6,namibe,-15.1961,12.1522,71.82,73,5,7.54,AO,1714972579
7,maysville,38.6412,-83.7444,67.78,82,0,0.0,US,1714972530
8,georgetown,5.4112,100.3354,89.53,66,20,9.22,MY,1714972579
9,fortuna,40.5982,-124.1573,45.99,92,0,0.0,US,1714972579
10,iqaluit,63.7506,-68.5145,14.18,97,89,3.67,CA,1714972579
11,ushuaia,-54.8,-68.3,38.86,87,100,11.5,AR,1714972495
12,the dalles,45.5946,-121.1787,51.58,71,95,8.99,US,1714972311
13,west island,-12.1568,96.8225,85.98,70,75,16.11,CC,1714972580
14,qamdo,31.1667,97.2333,50.58,31,99,6.04,CN,1714972580
15,waitangi,-43.9535,-176.5597,56.82,84,73,4.0,NZ,1714972580
16,dagomys,43.6703,39.6689,55.35,73,79,4.27,RU,1714972580
17,oakley,37.9974,-121.7124,53.92,66,13,5.01,US,1714972580
18,shira,54.4911,89.9531,52.9,57,100,18.14,RU,1714972580
19,vilyuchinsk,52.9306,158.4028,41.27,72,51,7.83,RU,1714972580
20,ilulissat,69.2167,-51.1,19.42,73,75,11.5,GL,1714972580
21,east london,-33.0153,27.9116,74.34,35,0,13.8,ZA,1714972580
22,medina,24.4686,39.6142,82.83,17,0,3.44,SA,1714972501
23,port-aux-francais,-49.35,70.2167,42.51,79,88,28.12,TF,1714972581
24,punta del este,-34.9667,-54.95,64.51,93,100,5.99,UY,1714972377
25,talnakh,69.4865,88.3972,22.21,65,100,2.28,RU,1714972447
26,salinopolis,-0.6136,-47.3561,77.14,92,99,18.75,BR,1714972581
27,pionerskiy,54.9508,20.2275,59.14,99,98,9.91,RU,1714972581
28,grytviken,-54.2811,-36.5092,35.82,83,49,6.96,GS,1714972581
29,sitka,57.0531,-135.33,44.49,76,40,4.61,US,1714972300
30,malanje,-9.5402,16.341,57.97,75,44,3.58,AO,1714972581
31,yuzhno-kurilsk,44.0306,145.8556,48.38,96,100,6.29,RU,1714972581
32,adamstown,-25.066,-130.1015,70.83,71,67,21.14,PN,1714972581
33,puerto natales,-51.7236,-72.4875,28.11,87,61,3.4,CL,1714972516
34,santa maria del oro,25.9333,-105.3667,65.8,25,96,7.25,MX,1714972582
35,port elizabeth,-33.918,25.5701,61.11,51,0,8.05,ZA,1714972582
36,port mathurin,-19.6833,63.4167,79.12,61,1,20.24,MU,1714972582
37,urucara,-2.5364,-57.76,75.99,99,98,2.21,BR,1714972582
38,bowie,33.4501,-94.4335,73.47,94,52,2.51,US,1714972366
39,codrington,-38.2667,141.9667,59.68,64,10,13.87,AU,1714972582
40,jamestown,42.097,-79.2353,62.02,98,100,1.01,US,1714972444
41,arraial do cabo,-22.9661,-42.0278,75.04,90,81,19.62,BR,1714972583
42,anadyr,64.75,177.4833,28.9,69,0,4.47,RU,1714972583
43,nova sintra,14.8667,-24.7167,74.23,78,20,17.54,CV,1714972583
44,ciudad pemex,17.9,-92.5,84.02,58,24,9.01,MX,1714972583
45,badger,64.8,-147.5333,55.31,43,100,16.11,US,1714972583
46,kamaishi,39.2667,141.8833,64.87,67,100,8.66,JP,1714972583
47,hamilton,39.1834,-84.5333,66.99,87,0,1.99,US,1714972583
48,fale old settlement,-9.3852,-171.2468,85.53,76,73,7.67,TK,1714972583
49,lihue,21.9789,-159.3672,79.84,81,40,14.97,US,1714972583
50,blackmans bay,-43.0167,147.3167,59.74,59,27,1.01,AU,1714972583
51,kingston,17.997,-76.7936,77.16,86,1,2.73,JM,1714972377
52,rice lake,45.5061,-91.7382,46.72,80,0,3.44,US,1714972584
53,la'ie,21.6477,-157.9253,76.39,82,100,7.0,US,1714972565
54,tiksi,71.6872,128.8694,32.83,93,43,5.44,RU,1714972584
55,novyy urengoy,66.0833,76.6333,22.05,92,100,16.55,RU,1714972584
56,west bay,19.3667,-81.4167,80.06,89,4,12.44,KY,1714972584
57,chonchi,-42.6128,-73.8092,43.81,97,98,3.04,CL,1714972584
58,korla,41.7597,86.1469,87.31,6,2,16.82,CN,1714972585
59,governador valadares,-18.8511,-41.9494,70.5,92,45,1.63,BR,1714972585
60,kailua-kona,19.6406,-155.9956,78.76,82,75,4.61,US,1714972585
61,qarqin,37.4185,66.0436,84.2,32,0,14.23,AF,1714972585
62,hawaiian paradise park,19.5933,-154.9731,71.11,92,100,5.75,US,1714972585
63,longyearbyen,78.2186,15.6401,24.64,68,75,5.75,SJ,1714972585
64,papao,-17.75,-149.55,83.66,83,5,23.09,PF,1714972585
65,susuman,62.7833,148.1667,38.98,54,84,3.0,RU,1714972585
66,niles,42.0189,-87.8028,51.91,77,75,3.44,US,1714972585
67,burley,42.5357,-113.7928,39.29,80,100,17.27,US,1714972372
68,walvis bay,-22.9575,14.5053,64.13,60,0,7.83,NA,1714972586
69,winneba,5.3511,-0.6231,80.64,86,56,6.13,GH,1714972586
70,kerikeri,-35.2268,173.9474,62.91,88,60,3.65,NZ,1714972586
71,sinop,41.7711,34.8709,46.83,64,0,2.98,TR,1714972586
72,bethel,41.3712,-73.414,51.67,89,100,1.63,US,1714972586
73,avarua,-21.2078,-159.775,80.65,89,75,16.11,CK,1714972586
74,gwadar,25.1216,62.3254,87.44,58,0,12.66,PK,1714972586
75,tazovsky,67.4667,78.7,23.45,91,100,12.24,RU,1714972586
76,karratha,-20.7377,116.8463,90.25,23,0,12.5,AU,1714972586
77,hope mills,34.9704,-78.9453,72.0,91,100,4.61,US,1714972587
78,ribeira grande,38.5167,-28.7,65.77,96,100,20.0,PT,1714972587
79,belmonte,-15.8631,-38.8828,79.66,72,43,8.99,BR,1714972587
80,edinburgh of the seven seas,-37.0676,-12.3116,56.82,62,80,32.37,SH,1714972587
81,canutama,-6.5339,-64.3831,75.11,97,69,1.19,BR,1714972587
82,nova vicosa,-17.8919,-39.3719,75.76,89,5,3.76,BR,1714972587
83,taoudenni,22.6783,-3.9836,81.1,7,1,4.68,ML,1714972587
84,acarau,-2.8856,-40.12,77.56,92,100,8.97,BR,1714972587
85,smithers,54.7804,-127.1743,45.55,90,100,3.09,CA,1714972588
86,nuuk,64.1835,-51.7216,23.61,68,1,15.01,GL,1714972560
87,plaza huincul,-38.926,-69.2086,44.15,10,0,4.0,AR,1714972588
88,tvoroyri,61.5556,-6.8111,45.88,96,100,20.02,FO,1714972588
89,kovdor,67.5662,30.4758,26.08,91,75,11.05,RU,1714972588
90,mahibadhoo,3.7833,72.9667,85.46,76,100,9.31,MV,1714972588
91,ust-nera,64.5667,143.2,38.88,71,96,3.67,RU,1714972588
92,mount gambier,-37.8333,140.7667,63.75,51,0,11.16,AU,1714972588
93,bergen,60.392,5.328,51.08,100,40,3.44,NO,1714972588
94,popondetta,-8.7537,148.2534,84.51,83,75,4.03,PG,1714972588
95,sambava,-14.2667,50.1667,77.99,75,29,11.01,MG,1714972589
96,goure,13.9835,10.2704,82.02,18,1,7.23,NE,1714972589
97,mizque,-17.941,-65.3402,60.66,86,3,1.39,BO,1714972589
98,alofi,-19.0595,-169.9187,73.29,94,75,20.71,NU,1714972589
99,tangalle,6.024,80.7911,91.56,60,59,8.99,LK,1714972589
100,kidal,18.4411,1.4078,88.23,20,67,6.82,ML,1714972589
101,novodvinsk,64.4165,40.8122,31.75,86,69,9.15,RU,1714972589
102,geraldton,-28.7667,114.6,75.61,50,0,14.97,AU,1714972590
103,ancud,-41.8697,-73.8203,48.99,81,94,20.2,CL,1714972590
104,tocopilla,-22.092,-70.1979,65.88,75,11,4.07,CL,1714972578
105,ariquemes,-9.9133,-63.0408,76.01,90,97,1.16,BR,1714972590
106,shaowu,27.3409,117.4831,83.5,46,60,4.21,CN,1714972590
107,vila velha,-20.3297,-40.2925,80.55,78,100,11.5,BR,1714972419
108,olonkinbyen,70.9221,-8.7187,33.53,90,100,28.5,SJ,1714972590
109,nepalgunj,28.05,81.6167,100.09,17,1,14.72,NP,1714972590
110,pangody,65.85,74.4859,23.14,90,100,18.84,RU,1714972590
111,hermanus,-34.4187,19.2345,57.13,74,25,10.71,ZA,1714972590
112,pervomayskoye,43.919,46.7102,50.45,84,100,6.73,RU,1714972591
113,uturoa,-16.7333,-151.4333,82.62,79,9,20.13,PF,1714972591
114,nar'yan-mar,67.6713,53.087,19.11,88,93,4.0,RU,1714972591
115,kenai,60.5544,-151.2583,44.69,88,0,11.5,US,1714972529
116,port lincoln,-34.7333,135.8667,62.31,70,1,9.98,AU,1714972591
117,invercargill,-46.4,168.35,47.01,71,61,3.0,NZ,1714972591
118,selfoss,63.9331,-20.9971,38.05,76,87,11.5,IS,1714972591
119,bredasdorp,-34.5322,20.0403,53.46,58,92,7.47,ZA,1714972591
120,katsuura,35.1333,140.3,69.46,77,100,20.62,JP,1714972591
121,ilomantsi,62.6716,30.9328,31.69,61,14,4.97,FI,1714972592
122,yuxia,34.0615,108.6291,79.97,47,1,5.88,CN,1714972592
123,bandundu,-3.3167,17.3667,75.16,67,6,2.26,CD,1714972592
124,bartica,6.4,-58.6167,80.92,98,97,1.66,GY,1714972592
125,port macquarie,-31.4333,152.9167,63.9,81,88,21.36,AU,1714972430
126,broken hill,-31.95,141.4333,68.72,33,0,16.75,AU,1714972592
127,yellowknife,62.456,-114.3525,46.56,78,3,10.0,CA,1714972592
128,kish,26.5578,54.0194,84.47,70,0,4.61,IR,1714972592
129,dunedin,-45.8742,170.5036,45.81,70,34,5.01,NZ,1714972573
130,mwene-ditu,-7.0,23.45,64.9,75,19,4.07,CD,1714972593
131,la sarre,48.8002,-79.1996,41.13,92,66,6.6,CA,1714972593
132,strehaia,44.6167,23.2,58.19,82,29,2.77,RO,1714972593
133,samana,19.2056,-69.3369,73.89,94,98,3.33,DO,1714972593
134,straja,47.9167,25.55,52.32,62,73,4.5,RO,1714972593
135,saint-philippe,-21.3585,55.7679,78.39,76,27,13.2,RE,1714972593
136,brookings,44.3114,-96.7984,55.18,72,0,14.97,US,1714972516
137,iskateley,67.6803,53.1512,19.02,88,93,4.0,RU,1714972593
138,san rafael del sur,11.8485,-86.4384,82.36,68,25,3.96,NI,1714972593
139,carahue,-38.7,-73.1667,48.09,81,76,6.35,CL,1714972590
140,puerto ayora,-0.7393,-90.3518,72.55,98,39,6.13,EC,1714972594
141,tamanrasset,22.785,5.5228,78.71,24,40,6.91,DZ,1714972594
142,nemuro,43.3236,145.575,48.16,86,100,3.49,JP,1714972594
143,vorgashor,67.5833,63.95,11.46,92,100,3.65,RU,1714972594
144,darhan,49.4867,105.9228,71.19,23,82,3.58,MN,1714972594
145,cortina d'ampezzo,46.5384,12.1377,45.9,99,100,3.36,IT,1714972594
146,atoyac de alvarez,17.2,-100.4333,77.49,78,89,1.57,MX,1714972594
147,xai-xai,-25.0519,33.6442,63.77,86,1,6.76,MZ,1714972595
148,nuku'alofa,-21.1333,-175.2,78.8,87,100,17.92,TO,1714972387
149,labrador city,52.9463,-66.9114,41.18,85,100,13.8,CA,1714972595
150,kununurra,-15.7667,128.7333,89.58,31,43,12.66,AU,1714972595
151,dryden,49.7833,-92.7503,42.69,75,7,2.77,CA,1714972595
152,jayapura,-2.5333,140.7,87.19,80,100,6.53,ID,1714972595
153,weno,7.4515,151.8468,87.75,79,75,8.05,FM,1714972595
154,sioux city,42.5,-96.4003,56.44,60,0,5.75,US,1714972385
155,klyuchi,52.2667,79.1667,50.68,36,0,12.55,RU,1714972595
156,carnarvon,-24.8667,113.6333,74.91,46,0,20.07,AU,1714972595
157,isafjordur,66.0755,-23.124,33.87,84,20,12.71,IS,1714972596
158,stanley,54.868,-1.6985,50.52,97,20,3.44,GB,1714972596
159,luderitz,-26.6481,15.1594,60.69,63,0,6.42,NA,1714972596
160,safford,32.834,-109.7076,72.52,30,0,20.71,US,1714972596
161,port saint john's,-31.6229,29.5448,69.51,43,0,8.05,ZA,1714972596
162,tateyama,34.9833,139.8667,71.1,76,100,16.31,JP,1714972596
163,la passe,45.5549,-0.8967,53.98,81,41,13.35,FR,1714972596
164,saacow,1.6279,42.4407,79.79,88,99,13.85,SO,1714972596
165,loiza,18.4313,-65.8802,81.05,91,40,4.61,PR,1714972596
166,zahirabad,17.6833,77.6167,99.64,19,1,10.92,IN,1714972597
167,linglestown,40.334,-76.7891,58.98,97,100,4.0,US,1714972353
168,kayyerkan,69.3786,87.7439,22.3,77,100,5.23,RU,1714972597
169,kambove,-10.8764,26.5969,57.83,87,6,3.09,CD,1714972597
170,mirnyy,62.5353,113.9611,37.24,97,84,8.99,RU,1714972597
171,marsabit,2.3284,37.9899,66.94,86,97,13.4,KE,1714972597
172,zeya,53.75,127.2667,60.49,32,0,3.11,RU,1714972597
173,bikin,46.8161,134.26,58.84,46,100,11.99,RU,1714972597
174,sovetskaya gavan',48.9723,140.2878,38.1,99,100,8.14,RU,1714972597
175,constantia,44.1833,28.65,55.71,70,12,11.39,RO,1714972598
176,cabo san lucas,22.8909,-109.9124,78.62,61,100,16.28,MX,1714972598
177,cartagena,10.3997,-75.5144,82.02,89,20,4.61,CO,1714972337
178,pimenta bueno,-11.6725,-61.1936,75.76,92,67,1.99,BR,1714972598
179,mejit,10.2753,170.8646,82.18,77,97,17.16,MH,1714972598
180,cadale,2.7603,46.3222,82.85,78,100,14.09,SO,1714972598
181,oruro,-17.9833,-67.15,47.01,33,37,6.89,BO,1714972598
182,aykhal,66.0,111.5,32.61,94,100,13.6,RU,1714972598
183,inirida,3.8653,-67.9239,74.71,99,100,3.49,CO,1714972345
184,college,64.8569,-147.8028,55.38,43,75,16.11,US,1714972599
185,thompson,55.7435,-97.8558,29.84,97,29,2.37,CA,1714972599
186,utrik,11.2278,169.8474,81.63,79,85,15.84,MH,1714972599
187,sumbe,-11.2061,13.8437,75.7,76,1,4.61,AO,1714972599
188,lompoc,34.6391,-120.4579,50.59,80,0,16.11,US,1714972599
189,parabel',58.6978,81.4825,39.9,68,97,17.0,RU,1714972599
190,sao gabriel da cachoeira,-0.1303,-67.0892,74.57,99,100,1.83,BR,1714972599
191,ermenek,36.6404,32.8918,45.41,65,5,13.82,TR,1714972600
192,rio grande,-32.035,-52.0986,71.71,97,85,9.51,BR,1714972464
193,daru,-9.0763,143.2092,79.65,86,100,14.34,PG,1714972600
194,happy valley-goose bay,53.3168,-60.3315,45.37,72,100,7.36,CA,1714972509
195,linares,-35.85,-71.6,43.57,85,52,4.38,CL,1714972497
196,ban na san,8.8004,99.3637,101.03,99,22,6.6,TH,1714972600
197,fort mcmurray,56.7268,-111.381,54.99,40,86,8.05,CA,1714972600
198,afaahiti,-17.75,-149.2833,82.06,87,51,22.77,PF,1714972600
199,sao joao da barra,-21.6403,-41.0511,76.66,84,0,9.08,BR,1714972600
200,robore,-18.3333,-59.75,75.25,61,5,4.36,BO,1714972600
201,fallon,39.4735,-118.7774,44.47,50,100,12.66,US,1714972601
202,malango,-2.9627,119.9001,79.3,73,98,4.05,ID,1714972601
203,tynda,55.1667,124.7167,58.8,39,92,2.19,RU,1714972601
204,sao geraldo do araguaia,-6.4006,-48.555,73.69,86,67,0.85,BR,1714972601
205,hassi messaoud,31.6804,6.0729,75.06,21,0,10.78,DZ,1714972601
206,vel'sk,61.0701,42.0983,31.26,54,13,8.99,RU,1714972601
207,puerto baquerizo moreno,-0.9,-89.6,73.2,89,37,7.31,EC,1714972601
208,parral,26.9333,-105.6667,64.13,14,85,14.0,MX,1714972601
209,colesberg,-30.72,25.0972,55.69,41,0,5.41,ZA,1714972601
210,martuk,50.7475,56.5056,50.68,39,0,12.84,KZ,1714972601
211,mulayjah,27.271,48.4242,90.0,27,2,21.81,SA,1714972602
212,konarka,19.9,86.1167,94.15,70,33,20.13,IN,1714972602
213,lorengau,-2.0226,147.2712,85.19,76,98,9.8,PG,1714972602
214,hanceville,34.0607,-86.7675,70.56,99,100,2.37,US,1714972602
215,peniche,39.3558,-9.3811,57.29,95,72,14.67,PT,1714972602
216,ganja,40.6828,46.3606,59.86,67,75,11.5,AZ,1714972602
217,ad dawadimi,24.5077,44.3924,78.15,21,0,14.56,SA,1714972602
218,darab,28.7519,54.5444,76.01,23,1,1.28,IR,1714972602
219,tura,25.5198,90.2201,91.54,42,14,6.44,IN,1714972602
220,rengo,-34.4167,-70.8667,48.49,86,77,1.57,CL,1714972558
221,klaksvik,62.2266,-6.589,45.52,98,100,21.07,FO,1714972603
222,saint-pierre,-21.3393,55.4781,78.48,44,40,2.3,RE,1714972603
223,dieppe,49.75,1.1667,53.02,95,97,1.99,FR,1714972307
224,cuajinicuilapa,16.4667,-98.4167,78.76,75,14,3.31,MX,1714972603
225,waddan,29.1614,16.139,64.13,45,47,6.08,LY,1714972572
226,maksi,23.2667,76.15,96.19,20,22,10.45,IN,1714972546
227,axim,4.8699,-2.2405,80.89,85,75,4.52,GH,1714972603
228,turkmenbasy,40.0222,52.9552,69.89,50,64,14.58,TM,1714972603
229,castillos,-34.1667,-53.8333,65.17,98,98,3.24,UY,1714972603
230,wailua homesteads,22.0669,-159.378,79.23,85,40,14.97,US,1714972603
231,keflavik,64.0049,-22.5624,37.31,93,75,10.36,IS,1714972604
232,luimneach,52.6647,-8.6231,49.95,94,98,3.78,IE,1714972485
233,lospalos,-8.5186,127.0025,79.5,76,49,11.59,TL,1714972604
234,vodnyy,63.5046,53.4095,27.41,90,100,5.64,RU,1714972604
235,callaway,30.153,-85.5699,73.99,94,0,3.44,US,1714972604
236,luena,-11.7833,19.9167,55.42,70,5,3.33,AO,1714972604
237,talcahuano,-36.7167,-73.1167,51.75,71,65,14.88,CL,1714972513
238,pathein,16.7833,94.7333,100.29,34,3,11.9,MM,1714972605
239,malindi,-3.2175,40.1191,78.42,89,100,16.87,KE,1714972605
240,sola,-13.8833,167.55,81.75,76,83,21.68,VU,1714972605
241,thinadhoo,0.5333,72.9333,85.46,76,65,9.51,MV,1714972605
242,chabahar,25.2919,60.643,84.27,69,0,11.21,IR,1714972605
243,mount isa,-20.7333,139.5,83.97,30,29,10.36,AU,1714972605
244,mccook,40.2019,-100.6257,60.85,79,40,21.54,US,1714972605
245,hobyo,5.3505,48.5268,84.11,68,96,11.45,SO,1714972605
246,dakhla,23.6848,-15.958,64.18,82,5,17.31,EH,1714972606
247,lodja,-3.4833,23.4333,70.84,78,10,1.95,CD,1714972606
248,port alfred,-33.5906,26.891,72.18,40,16,11.79,ZA,1714972606
249,vakhsh,37.7149,68.8346,77.22,44,40,2.24,TJ,1714972606
250,aasiaat,68.7098,-52.8699,4.39,97,82,5.86,GL,1714972606
251,gadzhiyevo,69.2551,33.3362,29.71,75,100,19.24,RU,1714972606
252,nasiriyah,31.0521,46.261,83.1,28,44,24.23,IQ,1714972606
253,kuala lipis,4.1842,102.0468,90.95,62,30,0.74,MY,1714972606
254,hammerfest,70.6634,23.6821,30.65,74,75,6.91,NO,1714972606
255,itau de minas,-20.7394,-46.7522,60.85,74,0,3.96,BR,1714972606
256,bari sadri,24.4167,74.4667,96.24,18,1,5.1,IN,1714972607
257,talara,-4.5772,-81.2719,69.66,83,80,14.67,PE,1714972607
258,saipan,15.1355,145.701,90.3,58,40,12.01,MP,1714972607
259,motupe,-6.1519,-79.7142,65.43,79,52,1.83,PE,1714972607
260,blantyre,-15.785,35.0085,65.01,77,20,5.75,MW,1714972607
261,chibougamau,49.9168,-74.3659,38.82,100,40,2.3,CA,1714972607
262,vikhorevka,56.1201,101.1636,71.19,27,98,15.59,RU,1714972607
263,conde,-7.2597,-34.9075,74.66,100,20,3.44,BR,1714972607
264,petropavlovsk-kamchatsky,53.0452,158.6483,39.79,78,100,8.95,RU,1714972607
265,semnan,35.5729,53.3971,72.0,26,47,1.77,IR,1714972608
266,fort bragg,35.139,-79.006,70.2,93,23,1.99,US,1714972608
267,ciurea,47.05,27.5667,55.78,68,0,10.36,RO,1714972608
268,port augusta,-32.5,137.7667,71.94,35,0,13.78,AU,1714972608
269,dolyns'ka,48.1104,32.7645,54.68,57,37,13.6,UA,1714972608
270,flying fish cove,-10.4217,105.6791,82.08,78,75,14.97,CX,1714972608
271,maihar,24.2667,80.75,103.21,10,2,7.92,IN,1714972608
272,caleta de carquin,-11.0925,-77.6267,66.7,90,67,9.82,PE,1714972608
273,puerto armuelles,8.2833,-82.8667,81.09,72,96,1.01,PA,1714972608
274,jambi city,-1.6,103.6167,86.68,76,55,2.21,ID,1714972608
275,calama,-22.4667,-68.9333,55.13,30,1,3.47,CL,1714972512
276,figuig (centre),32.1089,-1.2286,65.75,13,64,0.92,MA,1714972609
277,kourou,5.1552,-52.6478,80.65,89,73,8.63,GF,1714972609
278,lincoln,40.8,-96.667,55.53,82,0,9.22,US,1714972529
279,greenville,35.6127,-77.3663,69.96,97,100,5.75,US,1714972609
280,ronne,55.1009,14.7066,48.11,100,100,4.61,DK,1714972609
281,salalah,17.0151,54.0924,89.69,74,75,9.22,OM,1714972609
282,bonanza,14.0289,-84.591,70.75,95,30,0.76,NI,1714972609
283,bay roberts,47.5999,-53.2648,33.51,96,34,1.01,CA,1714972609
284,igarka,67.4667,86.5833,33.03,99,100,10.0,RU,1714972610
285,zhangzhou,24.5133,117.6556,89.65,53,89,2.35,CN,1714972610
286,krasnoufimsk,56.6059,57.7669,36.93,97,100,16.31,RU,1714972610
287,newman,37.3138,-121.0208,55.26,69,23,3.0,US,1714972610
288,ceeldheer,3.8488,47.1806,83.34,73,74,13.49,SO,1714972610
289,norilsk,69.3535,88.2027,22.42,71,100,3.13,RU,1714972451
290,santa cruz,-17.8,-63.1667,77.29,77,6,15.5,BO,1714972321
291,punta arenas,-53.15,-70.9167,35.71,80,75,8.05,CL,1714972610
292,gorom-gorom,14.4439,-0.2361,89.01,34,7,6.58,BF,1714972610
293,mili,6.0815,171.735,82.36,82,100,15.41,MH,1714972610
294,el calafate,-50.3408,-72.2768,25.29,62,2,4.88,AR,1714972611
295,bel ombre,-4.6167,55.4167,80.44,89,40,16.11,SC,1714972611
296,pandan,14.0453,124.1694,86.77,61,72,13.38,PH,1714972611
297,rafov,44.8667,26.1333,60.66,91,6,4.63,RO,1714972611
298,cukai,4.25,103.4167,89.38,60,41,4.05,MY,1714972611
299,cockburn town,21.4612,-71.1419,77.77,84,96,21.5,TC,1714972611
300,beoumi,7.6736,-5.5764,74.73,95,100,3.51,CI,1714972611
301,belyy yar,53.6039,91.3903,53.49,82,40,6.71,RU,1714972611
302,camana,-16.6228,-72.7111,68.14,89,95,5.97,PE,1714972611
303,mangochi,-14.4782,35.2645,69.87,76,5,4.41,MW,1714972611
304,rosarito,32.3333,-117.0333,57.24,65,10,5.44,MX,1714972612
305,bubaque,11.2833,-15.8333,79.3,66,11,7.31,GW,1714972612
306,catalao,-18.1658,-47.9464,62.69,73,3,5.77,BR,1714972612
307,mendoza,-32.8908,-68.8272,53.33,54,0,3.31,AR,1714972501
308,kodiak,57.79,-152.4072,44.11,70,100,5.75,US,1714972612
309,sinabang,2.4803,96.3801,88.56,65,69,1.03,ID,1714972612
310,nishinoomote,30.7333,131.0,73.96,94,75,11.5,JP,1714972612
311,quincy,42.2529,-71.0023,51.1,95,100,4.61,US,1714972373
312,arauco,-37.2463,-73.3175,49.12,82,96,8.12,CL,1714972612
313,rongelap,11.1635,166.8941,81.7,80,68,17.56,MH,1714972612
314,braganca,-1.0536,-46.7656,74.97,100,100,1.77,BR,1714972613
315,tosontsengel,48.7567,98.2839,71.67,15,5,10.4,MN,1714972613
316,gannavaram,16.5333,80.8,96.78,56,40,9.22,IN,1714972613
317,shenjiamen,29.9576,122.298,68.11,75,87,8.03,CN,1714972613
318,collie,-33.3667,116.15,68.02,46,22,6.29,AU,1714972613
319,vieste,41.8825,16.175,63.64,69,12,4.47,IT,1714972613
320,guarapari,-20.6667,-40.4975,75.92,86,36,4.61,BR,1714972489
321,greymouth,-42.4667,171.2,52.12,74,75,3.31,NZ,1714972613
322,sarina,-21.4333,149.2167,79.27,2,74,9.78,AU,1714972613
323,san pedro pochutla,15.7333,-96.4667,79.52,64,6,3.49,MX,1714972613
324,bamboo flat,11.7,92.7167,91.49,62,40,5.75,IN,1714972614
325,papatowai,-46.5619,169.4708,45.57,63,74,11.65,NZ,1714972614
326,weligama,5.9667,80.4167,89.42,66,63,8.46,LK,1714972614
327,naryn,41.4287,75.9911,55.49,53,63,5.46,KG,1714972614
328,baoro,5.6667,15.9667,69.84,55,16,2.42,CF,1714972614
329,paidha,2.4167,30.9855,67.06,75,73,2.55,UG,1714972614
330,las lomas,8.4333,-82.4,75.4,88,76,8.01,PA,1714972587
331,upper grand lagoon,30.1633,-85.7408,74.08,94,0,4.0,US,1714972614
332,sittwe,20.15,92.9,89.15,62,53,10.18,MM,1714972614
333,torghay,49.6339,63.4981,58.06,31,71,8.88,KZ,1714972615
334,posto fiscal rolim de moura,-13.0833,-62.2667,75.78,86,16,1.16,BR,1714972615
335,sanga-sanga,5.0725,119.7853,84.6,68,50,6.69,PH,1714972615
336,zouerate,22.7187,-12.4521,74.59,16,9,9.28,MR,1714972615
337,hithadhoo,-0.6,73.0833,85.64,74,45,10.89,MV,1714972615
338,jaru,-10.4389,-62.4664,74.75,92,41,0.81,BR,1714972532
339,kupang,-10.1667,123.5833,93.78,59,40,13.8,ID,1714972615
340,vadso,70.0744,29.7487,32.16,80,75,5.75,NO,1714972615
341,pasuquin,18.3328,120.6177,89.49,60,32,15.28,PH,1714972615
342,remire-montjoly,4.9167,-52.2667,80.64,94,75,3.44,GF,1714972616
343,marat,25.0701,45.4615,83.68,21,0,19.1,SA,1714972616
344,pennagaram,12.1333,77.9,88.99,31,15,5.48,IN,1714972616
345,queenstown,-31.8976,26.8753,55.58,42,1,6.87,ZA,1714972616
346,nyandoma,61.669,40.1991,30.9,52,58,7.9,RU,1714972616
347,ati,13.2154,18.3353,83.14,16,0,11.32,TD,1714972616
348,tobelo,1.7284,128.0095,85.48,66,91,4.56,ID,1714972616
349,usogorsk,63.4106,48.6872,29.66,68,59,7.11,RU,1714972616
350,galesong,-5.3166,119.3661,89.62,75,96,9.91,ID,1714972616
351,amga,60.8953,131.9608,53.35,45,68,5.44,RU,1714972617
352,jam sahib,26.2958,68.6292,102.0,19,0,1.3,PK,1714972617
353,egilsstadir,65.2653,-14.3948,37.31,65,20,10.36,IS,1714972617
354,sosnovo-ozerskoye,52.5249,111.5418,61.68,32,7,3.0,RU,1714972617
355,conceicao da barra,-18.5933,-39.7322,73.8,95,14,5.61,BR,1714972617
356,pacocha,-17.5833,-71.3333,66.74,89,92,4.59,PE,1714972617
357,st. john's,47.5649,-52.7093,33.15,94,35,3.0,CA,1714972369
358,kodinsk,58.6881,99.1844,66.43,65,100,11.95,RU,1714972617
359,cidreira,-30.1811,-50.2056,70.11,96,39,7.92,BR,1714972617
360,changji,44.0167,87.3167,77.79,36,70,13.42,CN,1714972618
361,okhotsk,59.3833,143.3,39.16,79,46,8.37,RU,1714972618
362,sisimiut,66.9395,-53.6735,15.01,89,63,7.92,GL,1714972618
363,al hada,21.3675,40.2869,69.19,18,0,4.45,SA,1714972618
364,laminusa,5.5549,120.9136,84.18,70,37,3.74,PH,1714972618
365,itacoatiara,-3.1431,-58.4442,75.49,98,85,2.06,BR,1714972618
366,kuanda,56.3161,116.0806,66.0,32,50,2.21,RU,1714972618
367,buka,40.8108,69.1986,73.54,52,12,3.31,UZ,1714972618
368,murzuq,25.9155,13.9184,74.98,26,99,12.17,LY,1714972618
369,at taj,24.2049,23.2857,68.09,26,0,8.1,LY,1714972618
370,tambacounda,13.7539,-13.7586,82.49,33,1,6.31,SN,1714972619
371,larkird,35.4894,66.6641,59.13,36,4,1.41,AF,1714972619
372,trujillo,-8.116,-79.03,62.56,94,100,9.22,PE,1714972619
373,bardai,11.65,7.2333,77.76,65,58,11.5,NG,1714972619
374,mirny,62.5353,113.9611,37.24,97,84,8.99,RU,1714972619
375,katabu,-4.9333,122.5167,74.66,99,100,5.64,ID,1714972619
376,inhambane,-23.865,35.3833,62.58,94,40,0.0,MZ,1714972619
377,homer,59.6425,-151.5483,44.47,89,75,5.99,US,1714972619
378,huangshan,29.7114,118.3125,77.67,56,100,5.19,CN,1714972619
379,kyshtovka,56.555,76.6271,42.35,44,94,15.01,RU,1714972620
380,zemio,5.0314,25.1361,75.31,69,29,2.04,CF,1714972620
381,cafayate,-26.073,-65.9761,67.68,14,0,12.26,AR,1714972620
382,jianguang,28.1938,115.7836,79.27,62,95,2.66,CN,1714972620
383,island harbour,50.724,-1.2758,52.02,76,77,1.99,GB,1714972620
384,akjoujt,19.6969,-14.4164,79.45,16,0,6.13,MR,1714972620
385,karor,31.2274,70.9492,97.57,20,0,6.42,PK,1714972620
386,volchikha,52.0333,80.3833,49.98,44,40,8.99,RU,1714972620
387,manay,7.215,126.5397,85.82,65,100,10.94,PH,1714972620
388,businga,3.3333,20.8833,74.34,71,0,2.15,CD,1714972621
389,ust-tsilma,65.441,52.1498,22.6,87,63,1.99,RU,1714972621
390,enewetak,11.3474,162.3373,81.93,76,28,16.37,MH,1714972621
391,mil'kovo,55.6078,37.7956,43.0,61,44,6.96,RU,1714972621
392,tsiombe,-25.3,45.4833,68.83,66,0,6.91,MG,1714972621
393,dudinka,69.4058,86.1778,22.68,82,100,8.01,RU,1714972621
394,kapuskasing,49.4169,-82.4331,48.2,66,79,9.22,CA,1714972621
395,ambalangoda,6.2355,80.0538,87.21,74,70,9.73,LK,1714972621
396,cozumel,20.5083,-86.9458,79.95,86,3,12.33,MX,1714972621
397,hasaki,35.7333,140.8333,75.29,71,94,25.03,JP,1714972622
398,sheridan,44.8333,-106.9173,54.3,67,20,8.05,US,1714972622
399,ondjiva,-17.0667,15.7333,54.9,45,1,5.88,AO,1714972622
400,lloydminster,53.2835,-110.0016,51.71,54,100,13.53,CA,1714972622
401,zhangjiakou shi xuanhua qu,40.6103,115.0447,74.05,23,100,5.66,CN,1714972622
402,loango,-4.6719,11.8312,78.46,94,40,4.61,CG,1714972622
403,necochea,-38.5473,-58.7368,57.58,48,100,8.7,AR,1714972409
404,naze,28.3667,129.4833,76.28,83,58,13.06,JP,1714972623
405,concepcion,-36.827,-73.0498,50.14,77,67,9.82,CL,1714972503
406,ploudalmezeau,48.5333,-4.65,50.29,100,0,5.75,FR,1714972623
407,kotlas,61.2611,46.6556,32.05,75,100,4.0,RU,1714972623
408,corn island,12.1694,-83.0418,83.12,76,79,11.56,NI,1714972623
409,zell am see,47.3256,12.7944,55.0,37,45,6.51,AT,1714972623
410,usinsk,65.9939,57.5281,21.07,64,20,4.0,RU,1714972623
411,sligo,54.2697,-8.4694,50.59,98,100,5.73,IE,1714972623
412,hadibu,12.65,54.0333,86.18,71,83,4.47,YE,1714972623
413,tual,-5.6667,132.75,82.15,83,100,13.56,ID,1714972623
414,fontem,5.4685,9.8818,69.08,92,80,2.55,CM,1714972624
415,haiku-pauwela,20.9219,-156.3051,73.22,82,40,20.71,US,1714972624
416,revda,56.801,59.9303,36.48,91,100,12.1,RU,1714972624
417,atafu village,-8.5421,-172.5159,85.62,75,26,8.52,TK,1714972624
418,dapa,9.7594,126.0531,84.58,71,45,8.03,PH,1714972624
419,carauari,-4.8828,-66.8958,75.11,98,72,1.48,BR,1714972624
420,porto novo,6.4965,2.6036,80.96,88,26,5.64,BJ,1714972624
421,lauro de freitas,-12.8944,-38.3272,80.62,78,75,13.8,BR,1714972624
422,pocora,10.1718,-83.6044,76.96,87,98,1.23,CR,1714972624
423,augusto correa,-1.0217,-46.635,75.74,99,100,4.0,BR,1714972624
424,oranjemund,-28.55,16.4333,57.45,69,0,5.48,NA,1714972625
425,doka,13.5167,35.7667,88.38,12,0,6.26,SD,1714972460
426,rawson,-43.3002,-65.1023,46.85,45,73,13.4,AR,1714972625
427,trstena,49.361,19.6125,56.93,86,98,3.8,SK,1714972625
428,kudahuvadhoo,2.6708,72.8944,85.35,74,76,8.75,MV,1714972625
429,ulsteinvik,62.3432,5.8487,49.75,94,77,1.99,NO,1714972625
430,odakra,56.1,12.7333,51.08,92,100,4.47,SE,1714972625
431,dondo,-19.6094,34.7431,65.71,85,0,2.73,MZ,1714972625
432,aberdeen,57.1437,-2.0981,52.29,95,100,5.75,GB,1714972625
433,sarmiento,-45.5882,-69.07,39.65,53,95,3.11,AR,1714972626
434,harper,4.375,-7.7169,81.75,80,85,4.03,LR,1714972626
435,yomju-up,39.8933,124.5981,54.52,97,100,3.0,KP,1714972626
436,colonia,50.9333,6.95,55.96,86,20,2.3,DE,1714972405
437,san nicolas,18.1725,120.5953,91.09,55,31,18.12,PH,1714972626
438,isangel,-19.55,169.2667,75.78,65,30,13.8,VU,1714972626
439,ust'-ilimsk,58.0006,102.6619,76.44,33,100,18.01,RU,1714972626
440,sydney mines,46.2367,-60.2177,41.68,87,98,4.0,CA,1714972626
441,pisco,-13.7,-76.2167,66.25,82,73,2.3,PE,1714972626
442,kabompo,-13.5927,24.2008,59.83,74,4,3.89,ZM,1714972626
443,dickinson,29.4608,-95.0513,76.05,93,100,4.61,US,1714972627
444,saudarkrokur,65.7461,-19.6394,37.17,64,0,13.22,IS,1714972627
445,yeppoon,-23.1333,150.7333,74.98,74,55,16.42,AU,1714972627
446,conception bay south,47.4999,-52.9981,32.92,95,22,5.32,CA,1714972627
447,cacoal,-11.4386,-61.4472,75.09,93,26,0.92,BR,1714972627
448,ekenas,59.9736,23.4339,43.9,80,79,13.38,FI,1714972627
449,shama junction,5.0087,-1.6301,80.6,86,56,3.87,GH,1714972627
450,zhangye,38.9342,100.4517,80.92,6,62,5.46,CN,1714972627
451,inari,68.906,27.0288,30.4,78,47,9.42,FI,1714972627
452,labuan,5.2767,115.2417,83.73,74,30,6.71,MY,1714972627
453,adjumani,3.3779,31.7909,72.99,71,97,2.73,UG,1714972628
454,ketchikan,55.3422,-131.6461,46.87,87,100,5.75,US,1714972628
455,apatity,67.5641,33.4031,29.66,84,57,9.44,RU,1714972628
456,northam,51.0333,-4.2167,49.39,92,96,3.42,GB,1714972628
457,yerofey pavlovich,53.9667,121.9667,67.06,20,82,5.41,RU,1714972628
458,vila franca do campo,37.7167,-25.4333,64.89,99,100,8.5,PT,1714972628
459,vilyuysk,63.7553,121.6247,37.0,85,99,10.0,RU,1714972628
460,hunchun,42.8675,130.3581,55.94,86,100,5.26,CN,1714972628
461,minas de marcona,-15.2119,-75.1103,59.7,90,85,12.24,PE,1714972628
462,tralee,52.2704,-9.7026,50.16,98,80,3.29,IE,1714972629
463,borazjan,29.2666,51.2159,88.92,25,1,2.19,IR,1714972629
464,crane,31.3974,-102.3501,71.44,81,3,14.97,US,1714972629
465,khovd,48.0056,91.6419,79.77,6,8,8.52,MN,1714972469
466,uliastay,47.7417,96.8444,69.87,12,10,14.36,MN,1714972629
467,selebi-phikwe,-21.979,27.8498,57.49,50,0,1.16,BW,1714972629
468,todos santos,23.45,-110.2167,79.3,89,100,6.04,MX,1714972629
469,mersing,2.4312,103.8405,88.54,68,11,2.51,MY,1714972629
470,st. paul,44.9444,-93.0933,58.55,65,0,6.91,US,1714972488
471,ta`u,-14.2336,-169.5144,83.21,81,94,9.95,AS,1714972630
472,coquimbo,-29.9533,-71.3436,56.39,82,0,1.77,CL,1714972335
473,moranbah,-22.0016,148.0466,82.69,42,27,15.48,AU,1714972630
474,ola,59.5833,151.2833,38.14,73,24,4.97,RU,1714972630
475,redencao,-4.2258,-38.7306,73.89,96,90,3.13,BR,1714972630
476,swan hill,-35.3378,143.5544,71.49,33,0,7.07,AU,1714972630
477,trevelin,-43.0858,-71.4639,31.48,98,100,3.04,AR,1714972630
478,coos bay,43.3665,-124.2179,50.94,93,100,10.36,US,1714972529
479,nizhnesortymskiy,62.4397,71.7603,25.97,79,20,15.5,RU,1714972630
480,itaueira,-7.6033,-43.0256,79.21,54,91,9.51,BR,1714972630
481,saint-joseph,-21.3667,55.6167,75.58,68,13,12.93,RE,1714972514
482,wisconsin rapids,44.3836,-89.8174,55.22,87,0,0.0,US,1714972631
483,bayanhongor,46.7167,100.1167,59.61,17,1,5.21,MN,1714972631
484,swakopmund,-22.6833,14.5333,52.65,67,0,5.64,NA,1714972631
485,pecos,31.4229,-103.4932,74.23,73,0,21.85,US,1714972631
486,makilala,6.9517,125.0969,91.62,54,74,2.71,PH,1714972631
487,kruisfontein,-34.0033,24.7314,59.88,79,0,7.56,ZA,1714972631
488,sandnessjoen,66.0217,12.6316,48.42,43,0,6.91,NO,1714972551
489,skovorodino,53.9833,123.9167,67.19,21,55,5.48,RU,1714972631
490,sao jose da coroa grande,-8.8978,-35.1478,79.63,84,31,9.73,BR,1714972631
491,shimoda,34.6667,138.95,69.1,76,100,11.12,JP,1714972631
492,tambuwal,12.4039,4.6469,85.66,51,0,8.88,NG,1714972632
493,szombathely,47.2309,16.6216,56.05,83,64,2.26,HU,1714972632
494,ebon,4.582,168.6964,81.01,86,100,20.6,MH,1714972632
495,nchelenge,-9.3451,28.734,66.78,81,67,5.66,ZM,1714972632
496,wynyard,-41.0,145.7167,56.7,74,61,4.16,AU,1714972632
497,san patricio,28.017,-97.5169,79.84,86,78,12.46,US,1714972632
498,rehoboth,-23.3167,17.0833,58.96,25,0,5.57,NA,1714972632
499,glace bay,46.1969,-59.957,40.57,92,100,5.99,CA,1714972632
500,cannonvale,-20.2833,148.7,71.58,80,94,12.62,AU,1714972633
501,nampula,-15.1165,39.2666,69.75,94,20,8.05,MZ,1714972633
502,marsh harbour,26.5412,-77.0636,75.0,69,2,15.59,BS,1714972633
503,alice springs,-23.7,133.8833,71.15,33,15,13.8,AU,1714972633
504,oltinko'l,40.8011,72.1634,73.47,51,75,2.93,UZ,1714972633
505,mount pearl,47.5166,-52.7813,32.32,94,35,3.94,CA,1714972633
506,page,36.9147,-111.4558,47.98,38,0,21.99,US,1714972450
507,el bagre,7.5927,-74.8086,74.79,99,100,1.86,CO,1714972633
508,kavieng,-2.5744,150.7967,85.84,69,100,4.41,PG,1714972633
509,qingyuan,23.7,113.0333,89.58,65,100,2.95,CN,1714972633
510,taco pozo,-25.6167,-63.2833,67.12,95,30,2.01,AR,1714972634
511,kongolo,-5.3833,27.0,70.66,87,38,2.8,CD,1714972634
512,grinnell,41.743,-92.7224,58.51,73,0,5.75,US,1714972634
513,playa blanca,28.8643,-13.8281,68.2,88,93,12.57,ES,1714972634
514,magadan,59.5667,150.8,37.53,75,17,3.89,RU,1714972634
515,mogocha,53.7333,119.7667,66.2,17,46,5.86,RU,1714972634
516,brak,27.5496,14.2714,70.63,33,93,10.94,LY,1714972634
517,tazacorte,28.629,-17.9293,65.37,72,75,11.5,ES,1714972634
518,midvagur,62.0511,-7.1939,45.43,93,100,20.71,FO,1714972634
519,armacao de buzios,-22.7469,-41.8817,73.6,92,78,13.85,BR,1714972635
520,cherepovets,59.1333,37.9,31.82,69,40,8.95,RU,1714972635
521,tashtagol,52.7657,87.8894,48.52,95,100,5.99,RU,1714972635
522,borgarnes,64.5383,-21.9206,39.81,88,69,5.46,IS,1714972635
523,gazojak,41.1875,61.4036,72.97,37,0,10.0,TM,1714972635
524,khandyga,62.6667,135.6,39.81,97,100,4.23,RU,1714972635
525,sao vicente,-23.9631,-46.3919,81.27,26,0,1.52,BR,1714972635
526,la junta,37.985,-103.5438,70.18,41,0,20.71,US,1714972513
527,kayangel,8.0823,134.7173,83.68,67,36,8.86,PW,1714972636
528,richlands,37.0932,-81.7937,64.45,94,75,0.0,US,1714972636
529,nagqu,31.5,92.0,43.54,28,100,4.41,CN,1714972636
530,balkanabat,39.5108,54.3671,80.06,30,42,0.67,TM,1714972636
531,anaconda,46.1285,-112.9423,43.79,99,98,2.95,US,1714972636
532,dubinino,55.6192,89.0911,46.35,95,100,18.01,RU,1714972636
533,yakeshi,49.2833,120.7333,66.34,18,13,4.36,CN,1714972636
534,porbandar,21.6422,69.6093,87.3,60,0,13.02,IN,1714972636
535,margate,51.3813,1.3862,54.3,90,27,1.99,GB,1714972631
536,jagannathpur,22.2333,85.65,103.75,13,81,3.89,IN,1714972636
537,inarajan village,13.2736,144.7484,88.0,81,96,13.65,GU,1714972636
538,markaz-e woluswali-ye achin,34.1258,70.7078,78.49,32,0,6.06,AF,1714972637
539,gaspe,48.8334,-64.4819,44.82,87,100,5.75,CA,1714972637
540,hailey,43.5196,-114.3153,39.06,70,75,0.0,US,1714972363
541,kolonia,50.9333,6.95,55.96,86,20,2.3,DE,1714972414
542,grand falls-windsor,48.9332,-55.6649,40.5,85,89,4.09,CA,1714972411
543,bechar,31.6167,-2.2167,70.02,12,80,5.19,DZ,1714972637
544,palmas,-10.2128,-48.3603,76.87,83,0,6.91,BR,1714972381
545,arafat,21.3594,39.9664,87.37,24,0,2.51,SA,1714972637
546,angaur state,6.906,134.13,83.53,70,99,9.4,PW,1714972637
547,vikulovo,56.8167,70.6107,42.12,43,56,12.48,RU,1714972637
548,ouargla,31.9493,5.325,76.17,20,22,8.32,DZ,1714972638
549,pilar,-9.5972,-35.9567,76.93,96,42,0.34,BR,1714972638
550,nizhniy kuranakh,58.8353,125.4869,52.54,76,60,7.23,RU,1714972638
551,fukuecho,32.6881,128.8419,66.07,83,98,13.4,JP,1714972638
552,dampit,-8.2116,112.7493,84.02,54,11,8.48,ID,1714972638
553,anisoc,1.8658,10.7689,71.46,100,44,1.19,GQ,1714972638
554,akureyri,65.6835,-18.0878,39.13,56,0,12.66,IS,1714972638
555,burang,30.25,81.1667,39.88,46,27,6.62,CN,1714972638
556,winnemucca,40.973,-117.7357,37.56,79,100,11.97,US,1714972639
557,mehran,33.1222,46.1646,79.48,39,69,13.65,IR,1714972639
558,luganville,-15.5333,167.1667,79.74,81,88,10.31,VU,1714972639
559,santa terezinha,-29.9002,-50.0904,71.15,88,25,8.03,BR,1714972639
560,al mijlad,11.0333,27.7333,85.82,15,2,8.1,SD,1714972639
561,yangambi,0.8102,24.4336,72.95,82,24,3.98,CD,1714972639
562,ubari,26.5921,12.7805,73.02,26,92,11.05,LY,1714972640
563,shalqar,47.8333,59.6,55.47,32,100,10.31,KZ,1714972640
564,ohara,35.25,140.3833,69.84,74,100,20.22,JP,1714972640
565,tchintabaraden,15.8969,5.7985,87.64,14,0,8.57,NE,1714972640
566,nanning,22.8167,108.3167,81.46,74,100,5.23,CN,1714972640
567,umluj,25.0213,37.2685,80.85,42,0,10.2,SA,1714972640
568,fuglafjordur,62.244,-6.814,45.07,98,100,19.28,FO,1714972640
569,bazarak,35.3129,69.5152,56.52,44,12,8.23,AF,1714972641
570,kavaratti,10.5669,72.642,85.39,66,45,5.53,IN,1714972641
571,valle hermoso,25.6667,-97.8333,80.46,91,10,15.26,MX,1714972641
572,godo,35.4167,136.6,70.99,100,100,7.25,JP,1714972641
573,hastings,50.8552,0.5729,53.92,89,75,10.25,GB,1714972585
574,robertsport,6.7533,-11.3686,81.34,82,100,7.0,LR,1714972641
575,miracema do tocantins,-9.5618,-48.3967,73.8,66,37,2.77,BR,1714972641
576,goroka,-6.0834,145.3873,68.94,95,95,1.5,PG,1714972641
577,guaratuba,-25.8828,-48.5747,72.0,94,5,3.13,BR,1714972641
578,turpan,42.9333,89.1667,97.48,5,2,5.53,CN,1714972641
579,mokrous,51.2333,47.5167,51.78,63,87,13.62,RU,1714972642
580,akrehamn,59.2667,5.1833,50.41,93,100,6.91,NO,1714972642
581,ostersund,63.1792,14.6357,36.05,55,75,11.5,SE,1714972359
582,saldanha,-33.0117,17.9442,55.45,91,81,13.87,ZA,1714972642
583,nantucket,41.2835,-70.0995,51.01,98,100,11.5,US,1714972610
584,laojunmiao,39.8333,97.7333,70.05,8,79,22.53,CN,1714972525
585,carbonear,47.7332,-53.2148,33.62,93,41,6.33,CA,1714972642
586,kalabo,-14.97,22.6814,59.81,63,1,4.14,ZM,1714972642
587,al kharijah,25.4514,30.5464,71.24,23,0,8.01,EG,1714972578
588,coahuayana de hidalgo,18.7,-103.6583,70.34,90,100,3.11,MX,1714972643
589,walla walla,46.0646,-118.343,49.91,84,100,18.01,US,1714972643
590,santyoku,37.4406,129.1708,62.69,77,100,9.4,KR,1714972643
591,kurlovo,55.4325,40.4854,41.52,63,11,7.52,RU,1714972643
